State,Year,Quater,Total_Amount
andaman-&-nicobar-islands,2018,1,175581131.2265625
andaman-&-nicobar-islands,2018,2,340062435.28125
andaman-&-nicobar-islands,2018,3,666689637.2636719
andaman-&-nicobar-islands,2018,4,1086580021.21875
andaman-&-nicobar-islands,2019,1,1227596866.125
andaman-&-nicobar-islands,2019,2,1443056533.96875
andaman-&-nicobar-islands,2019,3,1368861344.4375
andaman-&-nicobar-islands,2019,4,1642062363.75
andaman-&-nicobar-islands,2020,1,1937715725.0625
andaman-&-nicobar-islands,2020,2,2035739942.25
andaman-&-nicobar-islands,2020,3,4056233309.25
andaman-&-nicobar-islands,2020,4,7527391713.0
andaman-&-nicobar-islands,2021,1,9404479125.0
andaman-&-nicobar-islands,2021,2,10789763826.0
andaman-&-nicobar-islands,2021,3,15720292027.5
andaman-&-nicobar-islands,2021,4,23191320450.0
andaman-&-nicobar-islands,2022,1,25548361680.0
andaman-&-nicobar-islands,2022,2,32231044693.5
andaman-&-nicobar-islands,2022,3,39727581669.0
andaman-&-nicobar-islands,2022,4,47816091543.0
andaman-&-nicobar-islands,2023,1,53538342432.0
andaman-&-nicobar-islands,2023,2,59884132992.0
andaman-&-nicobar-islands,2023,3,62539163292.0
andaman-&-nicobar-islands,2023,4,75234629736.0
andaman-&-nicobar-islands,2024,1,82309819608.0
andaman-&-nicobar-islands,2024,2,87549362064.0
andaman-&-nicobar-islands,2024,3,91966141992.0
andaman-&-nicobar-islands,2024,4,107051338344.0
andhra-pradesh,2018,1,143955314496.0
andhra-pradesh,2018,2,274606980672.0
andhra-pradesh,2018,3,428616524880.0
andhra-pradesh,2018,4,617685346992.0
andhra-pradesh,2019,1,1005127136256.0
andhra-pradesh,2019,2,1363614184032.0
andhra-pradesh,2019,3,1673375300448.0
andhra-pradesh,2019,4,2411379834192.0
andhra-pradesh,2020,1,3032846621904.0
andhra-pradesh,2020,2,3631004323872.0
andhra-pradesh,2020,3,5605009428096.0
andhra-pradesh,2020,4,7858098485376.0
andhra-pradesh,2021,1,8069336189568.0
andhra-pradesh,2021,2,10208850016512.0
andhra-pradesh,2021,3,11810616482688.0
andhra-pradesh,2021,4,13875173035008.0
andhra-pradesh,2022,1,15531847885440.0
andhra-pradesh,2022,2,17758248204672.0
andhra-pradesh,2022,3,16620928991808.0
andhra-pradesh,2022,4,17096701431744.0
andhra-pradesh,2023,1,26988616268928.0
andhra-pradesh,2023,2,30072468823296.0
andhra-pradesh,2023,3,31840969116288.0
andhra-pradesh,2023,4,33630178101120.0
andhra-pradesh,2024,1,36152707517568.0
andhra-pradesh,2024,2,38183070489984.0
andhra-pradesh,2024,3,38719747657344.0
andhra-pradesh,2024,4,41424187087488.0
arunachal-pradesh,2018,1,1108648000.640625
arunachal-pradesh,2018,2,2387642396.25
arunachal-pradesh,2018,3,3980716888.125
arunachal-pradesh,2018,4,6048480286.875
arunachal-pradesh,2019,1,7319401192.5
arunachal-pradesh,2019,2,9031870600.5
arunachal-pradesh,2019,3,10951740175.359375
arunachal-pradesh,2019,4,14286878469.75
arunachal-pradesh,2020,1,16581104567.25
arunachal-pradesh,2020,2,21920602465.5
arunachal-pradesh,2020,3,31319261607.0
arunachal-pradesh,2020,4,42843167043.0
arunachal-pradesh,2021,1,45765347652.0
arunachal-pradesh,2021,2,53477108616.0
arunachal-pradesh,2021,3,68137493028.0
arunachal-pradesh,2021,4,83322123639.0
arunachal-pradesh,2022,1,93937098069.0
arunachal-pradesh,2022,2,109579981188.0
arunachal-pradesh,2022,3,108301327893.0
arunachal-pradesh,2022,4,116218914666.0
arunachal-pradesh,2023,1,196734940056.0
arunachal-pradesh,2023,2,237668379780.0
arunachal-pradesh,2023,3,253528688784.0
arunachal-pradesh,2023,4,289545597816.0
arunachal-pradesh,2024,1,312564545304.0
arunachal-pradesh,2024,2,356476218900.0
arunachal-pradesh,2024,3,379223488632.0
arunachal-pradesh,2024,4,420958634928.0
assam,2018,1,13893653376.0
assam,2018,2,28207022238.0
assam,2018,3,45733619856.0
assam,2018,4,70656274230.0
assam,2019,1,96025196232.0
assam,2019,2,131459629614.0
assam,2019,3,155405320278.0
assam,2019,4,183383801220.0
assam,2020,1,248021137458.0
assam,2020,2,237195612144.0
assam,2020,3,357976683672.0
assam,2020,4,482719349640.0
assam,2021,1,615917550912.0
assam,2021,2,710309685408.0
assam,2021,3,908406016560.0
assam,2021,4,1250219660880.0
assam,2022,1,1587365254848.0
assam,2022,2,1837332491808.0
assam,2022,3,1937868919440.0
assam,2022,4,2311842216864.0
assam,2023,1,2548249970976.0
assam,2023,2,2821329425856.0
assam,2023,3,2928696224064.0
assam,2023,4,3427243672512.0
assam,2024,1,3854206865232.0
assam,2024,2,4143704063952.0
assam,2024,3,4002699735840.0
assam,2024,4,4593437007456.0
bihar,2018,1,72549097200.0
bihar,2018,2,162073578096.0
bihar,2018,3,241629648720.0
bihar,2018,4,340775968944.0
bihar,2019,1,498033945792.0
bihar,2019,2,757589236944.0
bihar,2019,3,812313374448.0
bihar,2019,4,1119761134320.0
bihar,2020,1,1311082210152.0
bihar,2020,2,1545678240816.0
bihar,2020,3,2079946391712.0
bihar,2020,4,2866867442784.0
bihar,2021,1,3371683726656.0
bihar,2021,2,4494963238752.0
bihar,2021,3,4764753340608.0
bihar,2021,4,6232459427712.0
bihar,2022,1,7336940306496.0
bihar,2022,2,9053537818752.0
bihar,2022,3,9497358025344.0
bihar,2022,4,11232145929408.0
bihar,2023,1,12471323297856.0
bihar,2023,2,14712561047232.0
bihar,2023,3,13777840445184.0
bihar,2023,4,17216830064448.0
bihar,2024,1,19652841811584.0
bihar,2024,2,22642159312512.0
bihar,2024,3,21363365452224.0
bihar,2024,4,25187130416640.0
chandigarh,2018,1,7361225019.0
chandigarh,2018,2,11534678769.0
chandigarh,2018,3,16432252807.5
chandigarh,2018,4,24391099540.5
chandigarh,2019,1,28752384803.25
chandigarh,2019,2,32317393430.25
chandigarh,2019,3,39236184644.25
chandigarh,2019,4,49830167000.25
chandigarh,2020,1,61517435361.0
chandigarh,2020,2,46164188565.0
chandigarh,2020,3,61077713304.0
chandigarh,2020,4,73761157578.0
chandigarh,2021,1,91157050164.0
chandigarh,2021,2,101012087280.0
chandigarh,2021,3,141790594032.0
chandigarh,2021,4,172482999600.0
chandigarh,2022,1,182099892036.0
chandigarh,2022,2,207402002076.0
chandigarh,2022,3,246717092544.0
chandigarh,2022,4,334557053976.0
chandigarh,2023,1,153898728900.0
chandigarh,2023,2,172972904736.0
chandigarh,2023,3,185121401112.0
chandigarh,2023,4,195374678676.0
chandigarh,2024,1,190106115228.0
chandigarh,2024,2,210682847544.0
chandigarh,2024,3,231111095856.0
chandigarh,2024,4,246016631784.0
chhattisgarh,2018,1,25789866630.0
chhattisgarh,2018,2,51170044776.0
chhattisgarh,2018,3,75627686196.0
chhattisgarh,2018,4,112996952760.0
chhattisgarh,2019,1,150534681534.0
chhattisgarh,2019,2,204028272858.0
chhattisgarh,2019,3,237639104040.0
chhattisgarh,2019,4,325725454128.0
chhattisgarh,2020,1,394327179804.0
chhattisgarh,2020,2,387220587408.0
chhattisgarh,2020,3,498320950320.0
chhattisgarh,2020,4,746579679504.0
chhattisgarh,2021,1,832918124544.0
chhattisgarh,2021,2,944745263136.0
chhattisgarh,2021,3,1255273248672.0
chhattisgarh,2021,4,1636789307904.0
chhattisgarh,2022,1,1894164597120.0
chhattisgarh,2022,2,2174180164320.0
chhattisgarh,2022,3,2641938679344.0
chhattisgarh,2022,4,3030230184576.0
chhattisgarh,2023,1,3613067210688.0
chhattisgarh,2023,2,3997882047360.0
chhattisgarh,2023,3,4204556116032.0
chhattisgarh,2023,4,4847820504576.0
chhattisgarh,2024,1,5556117562560.0
chhattisgarh,2024,2,5955761303616.0
chhattisgarh,2024,3,5968321419456.0
chhattisgarh,2024,4,6921941437632.0
dadra-&-nagar-haveli-&-daman-&-diu,2018,1,2107900551.75
dadra-&-nagar-haveli-&-daman-&-diu,2018,2,3624849295.125
dadra-&-nagar-haveli-&-daman-&-diu,2018,3,5371675078.875
dadra-&-nagar-haveli-&-daman-&-diu,2018,4,7905007682.25
dadra-&-nagar-haveli-&-daman-&-diu,2019,1,10120437601.5
dadra-&-nagar-haveli-&-daman-&-diu,2019,2,9893294925.0
dadra-&-nagar-haveli-&-daman-&-diu,2019,3,11537657538.75
dadra-&-nagar-haveli-&-daman-&-diu,2019,4,14719694832.0
dadra-&-nagar-haveli-&-daman-&-diu,2020,1,16113160495.5
dadra-&-nagar-haveli-&-daman-&-diu,2020,2,15628517700.75
dadra-&-nagar-haveli-&-daman-&-diu,2020,3,20997469272.0
dadra-&-nagar-haveli-&-daman-&-diu,2020,4,32406134406.0
dadra-&-nagar-haveli-&-daman-&-diu,2021,1,35587594920.0
dadra-&-nagar-haveli-&-daman-&-diu,2021,2,37892023165.5
dadra-&-nagar-haveli-&-daman-&-diu,2021,3,51671270067.0
dadra-&-nagar-haveli-&-daman-&-diu,2021,4,66790070850.0
dadra-&-nagar-haveli-&-daman-&-diu,2022,1,74844578556.0
dadra-&-nagar-haveli-&-daman-&-diu,2022,2,83941917159.0
dadra-&-nagar-haveli-&-daman-&-diu,2022,3,90247765194.0
dadra-&-nagar-haveli-&-daman-&-diu,2022,4,96715688739.0
dadra-&-nagar-haveli-&-daman-&-diu,2023,1,151369088964.0
dadra-&-nagar-haveli-&-daman-&-diu,2023,2,165006459732.0
dadra-&-nagar-haveli-&-daman-&-diu,2023,3,181152793704.0
dadra-&-nagar-haveli-&-daman-&-diu,2023,4,210696715068.0
dadra-&-nagar-haveli-&-daman-&-diu,2024,1,234230358756.0
dadra-&-nagar-haveli-&-daman-&-diu,2024,2,243947912508.0
dadra-&-nagar-haveli-&-daman-&-diu,2024,3,258775583964.0
dadra-&-nagar-haveli-&-daman-&-diu,2024,4,287342660220.0
delhi,2018,1,134538046992.0
delhi,2018,2,209355601824.0
delhi,2018,3,328510163520.0
delhi,2018,4,476674299120.0
delhi,2019,1,701629583424.0
delhi,2019,2,980481787920.0
delhi,2019,3,1238361742776.0
delhi,2019,4,1548293593536.0
delhi,2020,1,1603398484704.0
delhi,2020,2,1294481254656.0
delhi,2020,3,2101967579616.0
delhi,2020,4,2595180984384.0
delhi,2021,1,3203140033152.0
delhi,2021,2,3383293101120.0
delhi,2021,3,4606299743232.0
delhi,2021,4,5864343823872.0
delhi,2022,1,6443578978176.0
delhi,2022,2,7558267640448.0
delhi,2022,3,8131351806336.0
delhi,2022,4,8938980275712.0
delhi,2023,1,7336837282560.0
delhi,2023,2,7940742122496.0
delhi,2023,3,8498391131520.0
delhi,2023,4,9595796331648.0
delhi,2024,1,9990168430848.0
delhi,2024,2,10763011982592.0
delhi,2024,3,11498440850688.0
delhi,2024,4,12684725711616.0
goa,2018,1,3646281001.875
goa,2018,2,5743245803.25
goa,2018,3,8558003590.5
goa,2018,4,13836061167.0
goa,2019,1,17703880273.125
goa,2019,2,19102405617.75
goa,2019,3,24004406242.5
goa,2019,4,35081525302.5
goa,2020,1,40924453207.5
goa,2020,2,26203396617.0
goa,2020,3,40420122540.0
goa,2020,4,82797510972.0
goa,2021,1,117086912832.0
goa,2021,2,96154246284.0
goa,2021,3,125741108568.0
goa,2021,4,223527084960.0
goa,2022,1,237797347848.0
goa,2022,2,274476447516.0
goa,2022,3,234891179784.0
goa,2022,4,299099845428.0
goa,2023,1,421163598384.0
goa,2023,2,460946489616.0
goa,2023,3,448502153712.0
goa,2023,4,531452051400.0
goa,2024,1,544222810524.0
goa,2024,2,569457958500.0
goa,2024,3,550962321816.0
goa,2024,4,678751083288.0
gujarat,2018,1,90935788896.0
gujarat,2018,2,145952222304.0
gujarat,2018,3,214396851624.0
gujarat,2018,4,297971851704.0
gujarat,2019,1,430272958272.0
gujarat,2019,2,591847381512.0
gujarat,2019,3,713552361528.0
gujarat,2019,4,920287966272.0
gujarat,2020,1,1043940928320.0
gujarat,2020,2,964654160016.0
gujarat,2020,3,1343061057024.0
gujarat,2020,4,1780716756672.0
gujarat,2021,1,2204409295488.0
gujarat,2021,2,2521944670080.0
gujarat,2021,3,3271495522176.0
gujarat,2021,4,4108590993792.0
gujarat,2022,1,4710576979392.0
gujarat,2022,2,5361575869440.0
gujarat,2022,3,5969250115200.0
gujarat,2022,4,6815019552384.0
gujarat,2023,1,7173914412480.0
gujarat,2023,2,7744886488128.0
gujarat,2023,3,8492844414912.0
gujarat,2023,4,9541046336640.0
gujarat,2024,1,10459433314176.0
gujarat,2024,2,10927500405888.0
gujarat,2024,3,11562616527744.0
gujarat,2024,4,12912174448512.0
haryana,2018,1,81522138768.0
haryana,2018,2,135844977168.0
haryana,2018,3,196501667304.0
haryana,2018,4,304690521216.0
haryana,2019,1,408619874592.0
haryana,2019,2,510018493788.0
haryana,2019,3,629869407708.0
haryana,2019,4,832316644620.0
haryana,2020,1,983714567160.0
haryana,2020,2,968535164928.0
haryana,2020,3,1314815408544.0
haryana,2020,4,1919982047616.0
haryana,2021,1,2027259604320.0
haryana,2021,2,2404288344288.0
haryana,2021,3,2889925094304.0
haryana,2021,4,3710887150464.0
haryana,2022,1,4095648507840.0
haryana,2022,2,4742808554304.0
haryana,2022,3,5136653833728.0
haryana,2022,4,5885888031744.0
haryana,2023,1,7093807615296.0
haryana,2023,2,7940905502592.0
haryana,2023,3,8129903675712.0
haryana,2023,4,9387245388096.0
haryana,2024,1,9681458414208.0
haryana,2024,2,10865335114368.0
haryana,2024,3,11078480406528.0
haryana,2024,4,12383512447872.0
himachal-pradesh,2018,1,7544853549.0
himachal-pradesh,2018,2,14198031711.0
himachal-pradesh,2018,3,21048497388.0
himachal-pradesh,2018,4,31455588225.0
himachal-pradesh,2019,1,40577777472.0
himachal-pradesh,2019,2,58510604682.0
himachal-pradesh,2019,3,66864227976.0
himachal-pradesh,2019,4,87253961424.0
himachal-pradesh,2020,1,89033601153.0
himachal-pradesh,2020,2,96442858590.0
himachal-pradesh,2020,3,126192646176.0
himachal-pradesh,2020,4,167868641784.0
himachal-pradesh,2021,1,169446565056.0
himachal-pradesh,2021,2,197947614060.0
himachal-pradesh,2021,3,255723145128.0
himachal-pradesh,2021,4,313634644176.0
himachal-pradesh,2022,1,318221371944.0
himachal-pradesh,2022,2,404509299120.0
himachal-pradesh,2022,3,448569402912.0
himachal-pradesh,2022,4,501352109328.0
himachal-pradesh,2023,1,452891370480.0
himachal-pradesh,2023,2,562500767232.0
himachal-pradesh,2023,3,502254875376.0
himachal-pradesh,2023,4,579362961888.0
himachal-pradesh,2024,1,574610786304.0
himachal-pradesh,2024,2,718196909376.0
himachal-pradesh,2024,3,679391305632.0
himachal-pradesh,2024,4,764843965344.0
jammu-&-kashmir,2018,1,12064454676.0
jammu-&-kashmir,2018,2,31814476044.0
jammu-&-kashmir,2018,3,47216412390.0
jammu-&-kashmir,2018,4,67976640300.0
jammu-&-kashmir,2019,1,71422028364.0
jammu-&-kashmir,2019,2,73201707519.0
jammu-&-kashmir,2019,3,44930766706.5
jammu-&-kashmir,2019,4,23156351772.375
jammu-&-kashmir,2020,1,35251718238.0
jammu-&-kashmir,2020,2,99187787628.0
jammu-&-kashmir,2020,3,143726756724.0
jammu-&-kashmir,2020,4,184570869360.0
jammu-&-kashmir,2021,1,205660201848.0
jammu-&-kashmir,2021,2,273765067728.0
jammu-&-kashmir,2021,3,379181328528.0
jammu-&-kashmir,2021,4,467114860080.0
jammu-&-kashmir,2022,1,397774356576.0
jammu-&-kashmir,2022,2,555051512664.0
jammu-&-kashmir,2022,3,491562650040.0
jammu-&-kashmir,2022,4,531783538128.0
jammu-&-kashmir,2023,1,671060955432.0
jammu-&-kashmir,2023,2,918360049056.0
jammu-&-kashmir,2023,3,1032193784352.0
jammu-&-kashmir,2023,4,1116841687680.0
jammu-&-kashmir,2024,1,1127531139648.0
jammu-&-kashmir,2024,2,1548741114816.0
jammu-&-kashmir,2024,3,1733644137312.0
jammu-&-kashmir,2024,4,1931411828064.0
jharkhand,2018,1,28490236176.0
jharkhand,2018,2,56658906288.0
jharkhand,2018,3,103938855024.0
jharkhand,2018,4,122903003040.0
jharkhand,2019,1,163526843088.0
jharkhand,2019,2,223472409744.0
jharkhand,2019,3,257591690496.0
jharkhand,2019,4,337772993088.0
jharkhand,2020,1,403334784288.0
jharkhand,2020,2,449834422608.0
jharkhand,2020,3,607471400736.0
jharkhand,2020,4,873662096592.0
jharkhand,2021,1,1004992208256.0
jharkhand,2021,2,1253191682928.0
jharkhand,2021,3,1462692139200.0
jharkhand,2021,4,1992205382400.0
jharkhand,2022,1,2336402480352.0
jharkhand,2022,2,2707634803296.0
jharkhand,2022,3,2752954546272.0
jharkhand,2022,4,3335660810688.0
jharkhand,2023,1,4408456110240.0
jharkhand,2023,2,5066576922240.0
jharkhand,2023,3,5020613225184.0
jharkhand,2023,4,5984641262496.0
jharkhand,2024,1,6716642795520.0
jharkhand,2024,2,7441390891680.0
jharkhand,2024,3,7318914629184.0
jharkhand,2024,4,8448125860032.0
karnataka,2018,1,230614748592.0
karnataka,2018,2,402186955776.0
karnataka,2018,3,578701114080.0
karnataka,2018,4,876100649280.0
karnataka,2019,1,1415716574160.0
karnataka,2019,2,1964424232800.0
karnataka,2019,3,2574440612400.0
karnataka,2019,4,3540565801728.0
karnataka,2020,1,4240824849504.0
karnataka,2020,2,3853258511232.0
karnataka,2020,3,5648886385920.0
karnataka,2020,4,7896440307072.0
karnataka,2021,1,9059944379136.0
karnataka,2021,2,10054645693824.0
karnataka,2021,3,13598816992896.0
karnataka,2021,4,16505655708672.0
karnataka,2022,1,18799793617920.0
karnataka,2022,2,22405753873920.0
karnataka,2022,3,19991018318592.0
karnataka,2022,4,22854199588608.0
karnataka,2023,1,29642727205632.0
karnataka,2023,2,33331188792576.0
karnataka,2023,3,35830572203520.0
karnataka,2023,4,38896518204672.0
karnataka,2024,1,41822982759936.0
karnataka,2024,2,45420417690624.0
karnataka,2024,3,46886431059456.0
karnataka,2024,4,49821838355712.0
kerala,2018,1,28832097168.0
kerala,2018,2,46643081244.0
kerala,2018,3,63876301674.0
kerala,2018,4,92968331772.0
kerala,2019,1,122820377736.0
kerala,2019,2,156376462410.0
kerala,2019,3,197157712764.0
kerala,2019,4,253815923964.0
kerala,2020,1,317413013160.0
kerala,2020,2,310728930144.0
kerala,2020,3,481969804176.0
kerala,2020,4,681063066096.0
kerala,2021,1,831131645472.0
kerala,2021,2,890721684960.0
kerala,2021,3,1220233902720.0
kerala,2021,4,1480105653600.0
kerala,2022,1,1679867268480.0
kerala,2022,2,1856355972000.0
kerala,2022,3,1947125031936.0
kerala,2022,4,2082717699360.0
kerala,2023,1,2323645008960.0
kerala,2023,2,2493560147040.0
kerala,2023,3,2643991403232.0
kerala,2023,4,2699823770496.0
kerala,2024,1,2724935587968.0
kerala,2024,2,2904045810432.0
kerala,2024,3,3099624395904.0
kerala,2024,4,3283679721408.0
ladakh,2018,1,150394293.0
ladakh,2018,2,568018840.125
ladakh,2018,3,1009091696.8125
ladakh,2018,4,1626274070.0625
ladakh,2019,1,1834319023.125
ladakh,2019,2,3111066106.21875
ladakh,2019,3,3973554137.0625
ladakh,2019,4,3896272170.0
ladakh,2020,1,4531676160.75
ladakh,2020,2,6285516121.5
ladakh,2020,3,10025849801.25
ladakh,2020,4,13343561437.5
ladakh,2021,1,11801037999.0
ladakh,2021,2,17127108421.5
ladakh,2021,3,26567817162.0
ladakh,2021,4,25842421599.0
ladakh,2022,1,24300490918.5
ladakh,2022,2,42519817596.0
ladakh,2022,3,43262390899.5
ladakh,2022,4,34733731234.5
ladakh,2023,1,46188254388.0
ladakh,2023,2,86293247328.0
ladakh,2023,3,99006869172.0
ladakh,2023,4,83315846076.0
ladakh,2024,1,73024690764.0
ladakh,2024,2,121508680332.0
ladakh,2024,3,151834458708.0
ladakh,2024,4,130253010432.0
lakshadweep,2018,1,23143333.845703125
lakshadweep,2018,2,74253713.66015625
lakshadweep,2018,3,52068387.6328125
lakshadweep,2018,4,53558565.32409668
lakshadweep,2019,1,105433567.359375
lakshadweep,2019,2,110910288.15234375
lakshadweep,2019,3,115821139.39453125
lakshadweep,2019,4,135238957.6259308
lakshadweep,2020,1,162028419.5625
lakshadweep,2020,2,203315062.3125
lakshadweep,2020,3,255682003.828125
lakshadweep,2020,4,361335824.015625
lakshadweep,2021,1,324513406.41796875
lakshadweep,2021,2,328601570.09765625
lakshadweep,2021,3,465637969.78125
lakshadweep,2021,4,611978214.3984375
lakshadweep,2022,1,659273184.65625
lakshadweep,2022,2,671155223.0625
lakshadweep,2022,3,570960115.03125
lakshadweep,2022,4,657766506.9609375
lakshadweep,2023,1,1023863496.0
lakshadweep,2023,2,1175849256.0
lakshadweep,2023,3,1134324696.0
lakshadweep,2023,4,1437976608.0
lakshadweep,2024,1,1560628584.0
lakshadweep,2024,2,1754554092.0
lakshadweep,2024,3,2308896960.0
lakshadweep,2024,4,2973080124.0
madhya-pradesh,2018,1,104179241280.0
madhya-pradesh,2018,2,191088979152.0
madhya-pradesh,2018,3,289796916048.0
madhya-pradesh,2018,4,406867296144.0
madhya-pradesh,2019,1,576843359064.0
madhya-pradesh,2019,2,820014784488.0
madhya-pradesh,2019,3,932115841824.0
madhya-pradesh,2019,4,1256255143824.0
madhya-pradesh,2020,1,1520847350232.0
madhya-pradesh,2020,2,1775064215280.0
madhya-pradesh,2020,3,2468420213088.0
madhya-pradesh,2020,4,3411301750080.0
madhya-pradesh,2021,1,4122407469888.0
madhya-pradesh,2021,2,5106009069888.0
madhya-pradesh,2021,3,6052951343424.0
madhya-pradesh,2021,4,7882649880384.0
madhya-pradesh,2022,1,8971981854528.0
madhya-pradesh,2022,2,10404297091776.0
madhya-pradesh,2022,3,12394901987136.0
madhya-pradesh,2022,4,15635997910656.0
madhya-pradesh,2023,1,12744318842304.0
madhya-pradesh,2023,2,14429291311104.0
madhya-pradesh,2023,3,14853863943936.0
madhya-pradesh,2023,4,17118034500864.0
madhya-pradesh,2024,1,19505042227968.0
madhya-pradesh,2024,2,21356158692480.0
madhya-pradesh,2024,3,21132989608704.0
madhya-pradesh,2024,4,24039660369792.0
maharashtra,2018,1,260539362960.0
maharashtra,2018,2,436284679584.0
maharashtra,2018,3,627129813600.0
maharashtra,2018,4,954227236704.0
maharashtra,2019,1,1337048265264.0
maharashtra,2019,2,1839533683056.0
maharashtra,2019,3,2395410021504.0
maharashtra,2019,4,3275933094336.0
maharashtra,2020,1,3839942471904.0
maharashtra,2020,2,3556314252672.0
maharashtra,2020,3,5283684893952.0
maharashtra,2020,4,7465866422784.0
maharashtra,2021,1,9238648190592.0
maharashtra,2021,2,10981380811776.0
maharashtra,2021,3,13911087444480.0
maharashtra,2021,4,17704302152448.0
maharashtra,2022,1,20176791809280.0
maharashtra,2022,2,24075268329984.0
maharashtra,2022,3,23370950850048.0
maharashtra,2022,4,26525650292736.0
maharashtra,2023,1,28347430920192.0
maharashtra,2023,2,31272055021056.0
maharashtra,2023,3,33026066574336.0
maharashtra,2023,4,37176179665920.0
maharashtra,2024,1,40474787024640.0
maharashtra,2024,2,42878273237760.0
maharashtra,2024,3,44247223001088.0
maharashtra,2024,4,49812343136256.0
manipur,2018,1,1536554116.875
manipur,2018,2,3038516688.0
manipur,2018,3,4599974761.5
manipur,2018,4,7268202777.0
manipur,2019,1,7918776731.0625
manipur,2019,2,8673479382.1875
manipur,2019,3,10362624006.375
manipur,2019,4,14410772406.1875
manipur,2020,1,31183083452.625
manipur,2020,2,38387233320.0
manipur,2020,3,55391714256.0
manipur,2020,4,67226696082.0
manipur,2021,1,84843451584.0
manipur,2021,2,94677937590.0
manipur,2021,3,124882337772.0
manipur,2021,4,151901661978.0
manipur,2022,1,169734006426.0
manipur,2022,2,179074924434.0
manipur,2022,3,184577164182.0
manipur,2022,4,187511484402.0
manipur,2023,1,103026770676.0
manipur,2023,2,53566519872.0
manipur,2023,3,43299438552.0
manipur,2023,4,81603901440.0
manipur,2024,1,110915681112.0
manipur,2024,2,130776005316.0
manipur,2024,3,140058207012.0
manipur,2024,4,144740501244.0
meghalaya,2018,1,795003109.5
meghalaya,2018,2,1404056004.75
meghalaya,2018,3,2518243857.75
meghalaya,2018,4,4051028117.25
meghalaya,2019,1,4788445896.796875
meghalaya,2019,2,5915175294.0
meghalaya,2019,3,7346623370.25
meghalaya,2019,4,8909237578.59375
meghalaya,2020,1,13441618114.5
meghalaya,2020,2,13844822025.0
meghalaya,2020,3,14844707895.0
meghalaya,2020,4,21650910369.0
meghalaya,2021,1,24666183384.0
meghalaya,2021,2,26323407411.0
meghalaya,2021,3,33228006654.0
meghalaya,2021,4,46185186108.0
meghalaya,2022,1,55948060821.0
meghalaya,2022,2,63377896719.0
meghalaya,2022,3,115239611646.0
meghalaya,2022,4,107958496722.0
meghalaya,2023,1,121018089732.0
meghalaya,2023,2,133014081552.0
meghalaya,2023,3,136879591392.0
meghalaya,2023,4,166476705648.0
meghalaya,2024,1,187551656820.0
meghalaya,2024,2,201535371648.0
meghalaya,2024,3,195515475936.0
meghalaya,2024,4,236099132712.0
mizoram,2018,1,542726623.5
mizoram,2018,2,1002100912.03125
mizoram,2018,3,1399208856.609375
mizoram,2018,4,2285122299.703125
mizoram,2019,1,2617930797.234375
mizoram,2019,2,2976200452.5703125
mizoram,2019,3,3345526848.0
mizoram,2019,4,4424272160.5078125
mizoram,2020,1,4704930815.25
mizoram,2020,2,5486321278.875
mizoram,2020,3,8495329858.5
mizoram,2020,4,11838265294.5
mizoram,2021,1,13213267351.5
mizoram,2021,2,13474493649.0
mizoram,2021,3,17684983122.0
mizoram,2021,4,21247988239.5
mizoram,2022,1,23341908358.5
mizoram,2022,2,24038238452.25
mizoram,2022,3,23355187572.0
mizoram,2022,4,24454933065.0
mizoram,2023,1,35467473804.0
mizoram,2023,2,38301680004.0
mizoram,2023,3,37273562436.0
mizoram,2023,4,42490081848.0
mizoram,2024,1,43561159344.0
mizoram,2024,2,45581732244.0
mizoram,2024,3,47086659924.0
mizoram,2024,4,53533954764.0
nagaland,2018,1,936070668.0
nagaland,2018,2,1839906894.1875
nagaland,2018,3,2901512879.90625
nagaland,2018,4,4656161446.875
nagaland,2019,1,5303300475.28125
nagaland,2019,2,6240800070.0
nagaland,2019,3,7811477665.125
nagaland,2019,4,10014445414.875
nagaland,2020,1,10737360124.875
nagaland,2020,2,13652093883.75
nagaland,2020,3,24115789995.0
nagaland,2020,4,33277019838.75
nagaland,2021,1,37289405874.0
nagaland,2021,2,37875527596.5
nagaland,2021,3,47849003557.5
nagaland,2021,4,59269008480.0
nagaland,2022,1,66539418489.0
nagaland,2022,2,68883422967.0
nagaland,2022,3,64372804509.0
nagaland,2022,4,83639598292.5
nagaland,2023,1,93772774248.0
nagaland,2023,2,96256791708.0
nagaland,2023,3,103395597768.0
nagaland,2023,4,116094904284.0
nagaland,2024,1,120538983744.0
nagaland,2024,2,132154954740.0
nagaland,2024,3,147375788316.0
nagaland,2024,4,167509187820.0
odisha,2018,1,55531587216.0
odisha,2018,2,101859727200.0
odisha,2018,3,277134179904.0
odisha,2018,4,281158428672.0
odisha,2019,1,425125523280.0
odisha,2019,2,537058238640.0
odisha,2019,3,687654926376.0
odisha,2019,4,957232519488.0
odisha,2020,1,1103481539568.0
odisha,2020,2,1100796394512.0
odisha,2020,3,1469567371248.0
odisha,2020,4,2139631931904.0
odisha,2021,1,2560772879808.0
odisha,2021,2,2950369498368.0
odisha,2021,3,3645368614560.0
odisha,2021,4,4623012591360.0
odisha,2022,1,5414727830400.0
odisha,2022,2,6120420235968.0
odisha,2022,3,6774546592416.0
odisha,2022,4,7826604871296.0
odisha,2023,1,9047627365248.0
odisha,2023,2,9591984606912.0
odisha,2023,3,10083579982080.0
odisha,2023,4,11745502460160.0
odisha,2024,1,13876664703744.0
odisha,2024,2,13978071621888.0
odisha,2024,3,14126807084352.0
odisha,2024,4,15665491098240.0
puducherry,2018,1,1989911705.25
puducherry,2018,2,3429613445.25
puducherry,2018,3,5011896787.875
puducherry,2018,4,7508299761.75
puducherry,2019,1,10877676117.75
puducherry,2019,2,14537362746.75
puducherry,2019,3,17528499622.5
puducherry,2019,4,23184339412.5
puducherry,2020,1,26463329592.75
puducherry,2020,2,23520371275.5
puducherry,2020,3,43176961473.0
puducherry,2020,4,59166314415.0
puducherry,2021,1,70791715884.0
puducherry,2021,2,77986013868.0
puducherry,2021,3,104759692566.0
puducherry,2021,4,125083821840.0
puducherry,2022,1,145001692242.0
puducherry,2022,2,165344945484.0
puducherry,2022,3,130251813312.0
puducherry,2022,4,133706457198.0
puducherry,2023,1,170668658700.0
puducherry,2023,2,184640802876.0
puducherry,2023,3,197333895888.0
puducherry,2023,4,204294122364.0
puducherry,2024,1,208637776008.0
puducherry,2024,2,218904121356.0
puducherry,2024,3,234420056196.0
puducherry,2024,4,239584714728.0
punjab,2018,1,33369099360.0
punjab,2018,2,56216065536.0
punjab,2018,3,84788243028.0
punjab,2018,4,129383789796.0
punjab,2019,1,162893874528.0
punjab,2019,2,223377524934.0
punjab,2019,3,274869775434.0
punjab,2019,4,359877613026.0
punjab,2020,1,376490227860.0
punjab,2020,2,363415851672.0
punjab,2020,3,481477094256.0
punjab,2020,4,645304876608.0
punjab,2021,1,704290655376.0
punjab,2021,2,834372714576.0
punjab,2021,3,1031910715152.0
punjab,2021,4,1328521489824.0
punjab,2022,1,1420679767776.0
punjab,2022,2,1648145168256.0
punjab,2022,3,1791833363712.0
punjab,2022,4,2017289110848.0
punjab,2023,1,2106104100576.0
punjab,2023,2,2330178878496.0
punjab,2023,3,2462707080864.0
punjab,2023,4,2773673573568.0
punjab,2024,1,2679641084256.0
punjab,2024,2,2933220427008.0
punjab,2024,3,3073393811712.0
punjab,2024,4,3469507748544.0
rajasthan,2018,1,107115514704.0
rajasthan,2018,2,186709032960.0
rajasthan,2018,3,288489217128.0
rajasthan,2018,4,454909031664.0
rajasthan,2019,1,733693877328.0
rajasthan,2019,2,1069287749664.0
rajasthan,2019,3,1349619522768.0
rajasthan,2019,4,1913428946688.0
rajasthan,2020,1,2283698805504.0
rajasthan,2020,2,2325159321984.0
rajasthan,2020,3,3524139666336.0
rajasthan,2020,4,4632417219456.0
rajasthan,2021,1,5897910923904.0
rajasthan,2021,2,6740433049920.0
rajasthan,2021,3,8526136051392.0
rajasthan,2021,4,10847212917696.0
rajasthan,2022,1,12264602299968.0
rajasthan,2022,2,13834002613824.0
rajasthan,2022,3,14861870929536.0
rajasthan,2022,4,17483479612800.0
rajasthan,2023,1,18658959873024.0
rajasthan,2023,2,20381467551360.0
rajasthan,2023,3,21602704734720.0
rajasthan,2023,4,24796555528704.0
rajasthan,2024,1,28206002587776.0
rajasthan,2024,2,29965133984256.0
rajasthan,2024,3,29667093203712.0
rajasthan,2024,4,33516592263936.0
sikkim,2018,1,775811258.34375
sikkim,2018,2,1724317021.5
sikkim,2018,3,2820962628.5625
sikkim,2018,4,4597696469.25
sikkim,2019,1,5495923616.8125
sikkim,2019,2,8866730772.75
sikkim,2019,3,10616597116.5
sikkim,2019,4,14118114490.125
sikkim,2020,1,12641715558.5625
sikkim,2020,2,12655425342.75
sikkim,2020,3,16811120716.5
sikkim,2020,4,23031310206.0
sikkim,2021,1,26612012580.0
sikkim,2021,2,29098794687.0
sikkim,2021,3,35872042887.0
sikkim,2021,4,50361399432.0
sikkim,2022,1,52409176191.0
sikkim,2022,2,67333270311.0
sikkim,2022,3,61954567572.0
sikkim,2022,4,77500623288.0
sikkim,2023,1,81150814464.0
sikkim,2023,2,102964205664.0
sikkim,2023,3,97286850960.0
sikkim,2023,4,103087300404.0
sikkim,2024,1,113468656752.0
sikkim,2024,2,135558219432.0
sikkim,2024,3,126837951984.0
sikkim,2024,4,151693211904.0
tamil-nadu,2018,1,135138689784.0
tamil-nadu,2018,2,241510126656.0
tamil-nadu,2018,3,351961103328.0
tamil-nadu,2018,4,519624881472.0
tamil-nadu,2019,1,674448465240.0
tamil-nadu,2019,2,770492115192.0
tamil-nadu,2019,3,947515297704.0
tamil-nadu,2019,4,1238290391232.0
tamil-nadu,2020,1,1398836259984.0
tamil-nadu,2020,2,1149918100464.0
tamil-nadu,2020,3,1726097006592.0
tamil-nadu,2020,4,2477678366976.0
tamil-nadu,2021,1,2984017625280.0
tamil-nadu,2021,2,3161848139904.0
tamil-nadu,2021,3,4382487801792.0
tamil-nadu,2021,4,5324687459712.0
tamil-nadu,2022,1,6153470537856.0
tamil-nadu,2022,2,7081616789760.0
tamil-nadu,2022,3,7582550577600.0
tamil-nadu,2022,4,8108275841664.0
tamil-nadu,2023,1,8587003934592.0
tamil-nadu,2023,2,9316350540096.0
tamil-nadu,2023,3,9997263581568.0
tamil-nadu,2023,4,10474448129856.0
tamil-nadu,2024,1,10966333740480.0
tamil-nadu,2024,2,11821814156928.0
tamil-nadu,2024,3,12609354965376.0
tamil-nadu,2024,4,13051594726656.0
telangana,2018,1,159698450736.0
telangana,2018,2,276206427360.0
telangana,2018,3,384361109520.0
telangana,2018,4,594109082688.0
telangana,2019,1,1146279182448.0
telangana,2019,2,1868117266368.0
telangana,2019,3,2423160222000.0
telangana,2019,4,3368961269400.0
telangana,2020,1,4456125301248.0
telangana,2020,2,3858382234176.0
telangana,2020,3,6071533740480.0
telangana,2020,4,8356205174400.0
telangana,2021,1,9592311015168.0
telangana,2021,2,12335499969408.0
telangana,2021,3,14139469920384.0
telangana,2021,4,17565097546368.0
telangana,2022,1,20047658449152.0
telangana,2022,2,23416974739584.0
telangana,2022,3,32475909722112.0
telangana,2022,4,35739031901952.0
telangana,2023,1,28470979931904.0
telangana,2023,2,32377799074176.0
telangana,2023,3,34442433644160.0
telangana,2023,4,37397008508544.0
telangana,2024,1,38445230650368.0
telangana,2024,2,41538510698496.0
telangana,2024,3,42615804017664.0
telangana,2024,4,46308605452032.0
tripura,2018,1,1655746944.75
tripura,2018,2,2842700596.5
tripura,2018,3,5446360620.0
tripura,2018,4,7498626921.75
tripura,2019,1,9082739065.125
tripura,2019,2,10101858064.125
tripura,2019,3,12208529040.0
tripura,2019,4,14584801837.875
tripura,2020,1,19065345348.0
tripura,2020,2,21230111082.0
tripura,2020,3,28101834957.0
tripura,2020,4,38185571103.0
tripura,2021,1,40024100031.0
tripura,2021,2,41617851231.0
tripura,2021,3,52369604538.0
tripura,2021,4,65963155530.0
tripura,2022,1,74967954576.0
tripura,2022,2,82539251958.0
tripura,2022,3,103780233612.0
tripura,2022,4,125435661762.0
tripura,2023,1,159459393624.0
tripura,2023,2,167029566840.0
tripura,2023,3,182990684040.0
tripura,2023,4,201838758660.0
tripura,2024,1,213026276856.0
tripura,2024,2,217649163744.0
tripura,2024,3,239386157508.0
tripura,2024,4,268918868256.0
uttar-pradesh,2018,1,167279650752.0
uttar-pradesh,2018,2,308642425536.0
uttar-pradesh,2018,3,444145380768.0
uttar-pradesh,2018,4,661160943072.0
uttar-pradesh,2019,1,918290172576.0
uttar-pradesh,2019,2,1187010238224.0
uttar-pradesh,2019,3,1335217645248.0
uttar-pradesh,2019,4,1746467080224.0
uttar-pradesh,2020,1,2068997241552.0
uttar-pradesh,2020,2,2144928141504.0
uttar-pradesh,2020,3,2984279539392.0
uttar-pradesh,2020,4,4289145826368.0
uttar-pradesh,2021,1,4755451243584.0
uttar-pradesh,2021,2,5786069830848.0
uttar-pradesh,2021,3,6684970081152.0
uttar-pradesh,2021,4,9286691621376.0
uttar-pradesh,2022,1,10597477856256.0
uttar-pradesh,2022,2,12810182301696.0
uttar-pradesh,2022,3,13456440799104.0
uttar-pradesh,2022,4,16516545964800.0
uttar-pradesh,2023,1,19643234972928.0
uttar-pradesh,2023,2,22039464307968.0
uttar-pradesh,2023,3,22340979959040.0
uttar-pradesh,2023,4,27089294200320.0
uttar-pradesh,2024,1,29730516473088.0
uttar-pradesh,2024,2,32450679755520.0
uttar-pradesh,2024,3,32609701976064.0
uttar-pradesh,2024,4,38569278411264.0
uttarakhand,2018,1,18102544878.0
uttarakhand,2018,2,32157065628.0
uttarakhand,2018,3,44718875496.0
uttarakhand,2018,4,67851264588.0
uttarakhand,2019,1,86202349947.0
uttarakhand,2019,2,103062396702.0
uttarakhand,2019,3,116748384648.0
uttarakhand,2019,4,150884471454.0
uttarakhand,2020,1,193896961392.0
uttarakhand,2020,2,193130254344.0
uttarakhand,2020,3,265242121728.0
uttarakhand,2020,4,381512859840.0
uttarakhand,2021,1,435458283408.0
uttarakhand,2021,2,491889802032.0
uttarakhand,2021,3,606329948496.0
uttarakhand,2021,4,793777316784.0
uttarakhand,2022,1,851745403824.0
uttarakhand,2022,2,1059760459968.0
uttarakhand,2022,3,1111695109200.0
uttarakhand,2022,4,1385952558048.0
uttarakhand,2023,1,1286158933344.0
uttarakhand,2023,2,1608874475904.0
uttarakhand,2023,3,1545148788816.0
uttarakhand,2023,4,1777001338704.0
uttarakhand,2024,1,1803322087536.0
uttarakhand,2024,2,2167354994880.0
uttarakhand,2024,3,2080978447200.0
uttarakhand,2024,4,2338905457152.0
west-bengal,2018,1,127511740416.0
west-bengal,2018,2,223550204352.0
west-bengal,2018,3,502127234880.0
west-bengal,2018,4,485875408128.0
west-bengal,2019,1,601976072256.0
west-bengal,2019,2,685268280576.0
west-bengal,2019,3,846486407232.0
west-bengal,2019,4,1058443314912.0
west-bengal,2020,1,1159839633552.0
west-bengal,2020,2,1201193183712.0
west-bengal,2020,3,1881760320192.0
west-bengal,2020,4,2389985874816.0
west-bengal,2021,1,2915246450688.0
west-bengal,2021,2,3353217849408.0
west-bengal,2021,3,4349484851328.0
west-bengal,2021,4,5546616267648.0
west-bengal,2022,1,6617119990272.0
west-bengal,2022,2,7782902225280.0
west-bengal,2022,3,8456999041920.0
west-bengal,2022,4,9453307942080.0
west-bengal,2023,1,10762598524800.0
west-bengal,2023,2,12111781288320.0
west-bengal,2023,3,12858583319424.0
west-bengal,2023,4,14992739961600.0
west-bengal,2024,1,17064305530752.0
west-bengal,2024,2,18568125850368.0
west-bengal,2024,3,19291725651840.0
west-bengal,2024,4,21721199562240.0
